<log4j:configuration debug="true"
	xmlns:log4j='http://jakarta.apache.org/log4j/'>
	<appender name="fileAppender"
		class="org.apache.log4j.RollingFileAppender">
		<param name="File" value="./demoApplication.log" />
		<layout class="org.apache.log4j.PatternLayout">
			<param name="ConversionPattern"
				value="%d{yyyy-MM-dd HH:mm:ss} %-5p %c{1}:%L - %m%n" />
		</layout>
	</appender>
	<root>
		<priority value="debug"></priority>
		<appender-ref ref="fileAppender"></appender-ref>
	</root>
</log4j:configuration>